datetime,1,3,5,7,9
1983-10-01 23:00:00,0.0,0.0,0.0,0.0,0.0
1983-10-02 23:00:00,0.0,0.0,0.0,0.0,0.0
1983-10-03 23:00:00,0.0,0.0,0.0,0.0,0.0
1983-10-04 23:00:00,0.0,0.0,0.0,0.0,0.0
1983-10-05 23:00:00,0.0,0.0,0.0,0.0,0.0
1983-10-06 23:00:00,0.0,0.0,0.0,0.0,0.0
1983-10-07 23:00:00,0.0,0.0,0.0,0.0,0.0
1983-10-08 23:00:00,1.6569231671315653e-08,2.550777737741117e-08,1.7348435465936308e-08,3.641286106021316e-08,4.6718987049879853e-08
1983-10-09 23:00:00,6.265497869915432e-08,6.970721814367507e-08,7.391036660582931e-08,4.0621026246636e-08,4.043667404739945e-08
1983-10-10 23:00:00,2.055997511854878e-08,5.606760581334432e-08,4.7493996443571865e-08,1.7992560234334735e-08,1.9478472294630828e-08
1983-10-11 23:00:00,0.0,0.0,0.0,0.0,0.0
1983-10-12 23:00:00,0.0,0.0,0.0,0.0,0.0
1983-10-13 23:00:00,7.616405133847837e-08,8.459850593849464e-08,1.079281833436754e-07,1.2063191996680366e-07,9.644371491891367e-08
1983-10-14 23:00:00,7.427957736783557e-09,1.0457358978412769e-08,7.370309559283433e-09,3.772357823672118e-08,3.5575920784914934e-08
1983-10-15 23:00:00,1.5825812739354594e-08,1.8250209589799244e-08,1.0961151371399562e-08,1.6752389018182401e-09,2.5729332809095028e-08
1983-10-16 23:00:00,2.3997434311442906e-08,1.798914952410592e-08,1.505382083080433e-08,1.2858285292707108e-09,1.0591338354128379e-08
1983-10-17 23:00:00,3.44472019760697e-08,1.6525488484788823e-08,2.2046851615111033e-08,2.9727816581726073e-10,2.8379057982453593e-09
1983-10-18 23:00:00,1.7630405448101184e-09,8.588189397145201e-10,6.088132418140217e-10,0.0,1.164671589827372e-10
1983-10-19 23:00:00,1.1365573715280604e-08,1.1626021177680403e-08,1.2302524237721054e-08,0.0,2.421740511501277e-10
1983-10-20 23:00:00,3.241379227903154e-09,5.173010199710175e-09,4.240787691540188e-09,0.0,1.9378277539982702e-11
1983-10-21 23:00:00,1.5039974823594094e-09,3.0834765897856817e-09,2.385880280699995e-09,0.0,1.6729279229400197e-11
1983-10-22 23:00:00,6.97389434747122e-10,1.4242936891538126e-09,1.6077576826016109e-09,0.0,0.0
1983-10-23 23:00:00,2.2362459588933875e-08,4.204797523993033e-08,2.882797684934404e-08,2.354122974254467e-08,2.6042505546852393e-08
1983-10-24 23:00:00,2.7230434743277902e-12,2.2052708354075784e-12,2.5732040537857555e-12,0.0,0.0
1983-10-25 23:00:00,3.43624467152242e-14,2.8874715941061302e-11,2.4079924548493215e-11,0.0,0.0
1983-10-26 23:00:00,1.1181601385706691e-11,3.2651506545436054e-11,3.114877607138758e-11,0.0,0.0
1983-10-27 23:00:00,2.7235499281367218e-12,1.0194258653360454e-11,3.5244151216897146e-11,0.0,0.0
1983-10-28 23:00:00,0.0,2.0997413230361416e-12,1.2260344293382432e-11,0.0,0.0
1983-10-29 23:00:00,0.0,2.758533304990528e-12,5.538364078987528e-11,0.0,0.0
1983-10-30 23:00:00,3.016954494847192e-08,4.9639140014295226e-08,3.6882976139033284e-08,2.773454067883668e-08,3.053520288732317e-08
1983-10-31 23:00:00,3.958660419340487e-08,2.8200177130875763e-08,4.237362080150181e-08,1.9698791481830456e-08,1.677708355364976e-08
1983-11-01 23:00:00,4.974052861884788e-08,3.987458293084745e-08,4.9379015410387956e-08,2.2935078099921898e-08,2.21216830390471e-08
1983-11-02 23:00:00,0.0,0.0,3.8208259798853696e-12,0.0,0.0
1983-11-03 23:00:00,0.0,0.0,0.0,0.0,0.0
1983-11-04 23:00:00,5.2258101878342805e-08,5.896669295099047e-08,5.969558049131322e-08,4.269286714218281e-08,4.114078978697459e-08
1983-11-05 23:00:00,3.450246251843594e-09,3.749064894186126e-09,2.811363104868818e-09,5.054943332517589e-09,6.578859907609445e-09
1983-11-06 23:00:00,1.5587404922202783e-07,2.199984700591476e-07,1.8716560469733344e-07,1.9494975054705583e-07,2.1335012382931178e-07
1983-11-07 23:00:00,1.888371038216132e-09,2.9859926413606713e-09,3.2514002588060166e-09,4.165102900178344e-09,5.064149628634806e-09
1983-11-08 23:00:00,2.9779060881722855e-10,2.7689369205661395e-10,2.1243077720067015e-10,9.040052450641438e-10,6.180720541764188e-10
1983-11-09 23:00:00,2.0873036097597193e-08,1.781893135220916e-08,1.899604168203142e-08,1.2425645082085221e-08,1.636553555727005e-08
1983-11-10 23:00:00,1.6215601453074702e-07,1.795172029071384e-07,1.5391497700302688e-07,1.0466179362049809e-07,1.1947880188624065e-07
1983-11-11 23:00:00,1.6102634094379565e-07,2.20413605372111e-07,1.9990943096302174e-07,1.2240947396666914e-07,1.1489899070174606e-07
1983-11-12 23:00:00,8.715416546221132e-08,6.500417987505595e-08,7.602575752470229e-08,5.612082503460072e-08,5.34895779909911e-08
1983-11-13 23:00:00,2.4187512419841907e-08,1.5471816338874677e-08,1.4058246656700417e-08,1.2423437502649096e-08,1.6214494351987487e-08
1983-11-14 23:00:00,6.489974826022431e-10,1.3637164159229507e-09,7.496568098388336e-10,3.637108192951591e-09,2.2437207883706798e-09
1983-11-15 23:00:00,8.917630270675377e-09,7.43180513381958e-09,6.6476128995418545e-09,1.2988006627118146e-08,1.6331549871850896e-08
1983-11-16 23:00:00,4.184730075023793e-08,4.561952970646046e-08,3.599379073690485e-08,4.270336970135018e-08,5.6516991721259225e-08
1983-11-17 23:00:00,3.2901507836801036e-07,3.933888011508518e-07,3.804201108437997e-07,3.79810509858308e-07,3.53208029711688e-07
1983-11-18 23:00:00,9.598069030929496e-09,3.1173543107730373e-09,5.345527013694798e-09,9.713199817472035e-09,8.544667313496272e-09
1983-11-19 23:00:00,1.9003006595152394e-08,6.659689048926036e-09,8.10588675516623e-09,4.4582406127894364e-08,2.8717057020575913e-08
1983-11-20 23:00:00,2.796431244523437e-09,5.95497010551669e-10,1.990407774293864e-09,6.471081740326352e-09,1.9929418340325357e-09
1983-11-21 23:00:00,1.3142649981158752e-09,7.364748873644405e-10,1.1007366184559134e-09,2.0623308847899792e-09,1.6137110759262685e-09
1983-11-22 23:00:00,2.930328439645193e-10,2.0116623663515956e-10,6.901976087613514e-11,3.5414771883989924e-10,5.558116740926548e-10
1983-11-23 23:00:00,8.707153783352287e-10,1.172989917298158e-09,5.061282448608567e-10,2.545273034936852e-09,2.2847500319282212e-09
1983-11-24 23:00:00,2.1205793928217004e-07,2.209373535933318e-07,1.8712449956823278e-07,2.1404648268664325e-07,2.4946583641899957e-07
1983-11-25 23:00:00,1.131653509758137e-09,4.0751299820840356e-10,2.1758903231885697e-09,4.2631108037851475e-09,1.1941900959721317e-09
1983-11-26 23:00:00,4.294242157980248e-10,5.262005315334708e-10,4.337912132204683e-10,1.3712703905723714e-09,8.193614754687857e-10
1983-11-27 23:00:00,3.2047525531163923e-10,5.850861176710438e-10,2.3403325704512775e-10,1.698641830848323e-09,2.2079800772998066e-09
1983-11-28 23:00:00,3.0793901532888413e-09,4.107842256349546e-10,1.2494290799454405e-09,2.013828812374009e-09,1.4006623273922337e-09
1983-11-29 23:00:00,4.2751516620801005e-11,5.327852839535033e-11,7.80270460786091e-11,1.180948715450035e-10,3.3714228602885095e-10
1983-11-30 23:00:00,3.6764476034376358e-09,8.957721810373995e-10,1.3148774289422565e-09,1.1245644202938787e-08,3.972614046048235e-09
1983-12-01 23:00:00,1.0945714354791023e-09,1.5109954229383558e-10,1.4259248187213584e-10,3.8076989801117666e-10,1.1058116797357797e-10
1983-12-02 23:00:00,8.909164871848016e-11,1.3047656466369516e-12,7.2698613048824306e-12,5.124660674482584e-11,7.790980884305168e-12
1983-12-03 23:00:00,9.135476796439401e-11,1.6662036715489296e-10,1.0367463498065869e-10,9.423400344396078e-10,7.22626508730981e-10
1983-12-04 23:00:00,1.5041532201899422e-10,9.911850577703228e-11,2.583318079511325e-10,7.280554208490584e-09,1.177464404867755e-09
1983-12-05 23:00:00,2.4517699731168924e-09,3.016668294245998e-10,2.6956808546351064e-10,2.488088449118314e-09,5.525101786824288e-10
1983-12-06 23:00:00,3.4891369028223887e-09,7.350823014146752e-10,7.017006390486602e-10,1.7850306574945096e-08,6.865123631777587e-09
1983-12-07 23:00:00,7.170245603278831e-09,8.229691949155596e-09,1.0165554919728526e-08,2.003014087677002e-07,1.0263288462603533e-07
1983-12-08 23:00:00,6.59359136113414e-10,4.880461859068385e-10,6.259625984562767e-10,8.542991622730538e-09,2.7721547694117937e-09
1983-12-09 23:00:00,1.366838260933205e-08,1.6984951992829642e-08,1.6793372730414073e-08,1.880422344914189e-07,1.0476677506058304e-07
1983-12-10 23:00:00,6.209836099986677e-09,6.981744534439511e-09,1.123479601961595e-08,7.830315717944393e-08,4.201350664650953e-08
1983-12-11 23:00:00,1.5390835081537564e-09,1.5673619108619512e-09,1.6176062463610261e-09,3.578209766635188e-08,1.8654842343595292e-08
1983-12-12 23:00:00,4.516895860433579e-09,2.873396776892521e-09,5.308848771232146e-09,2.0943328186317728e-08,4.58904093614331e-09
1983-12-13 23:00:00,1.8425418615893082e-09,6.515873785786054e-10,1.548649570732205e-09,1.1514014116039983e-08,3.5788177478092688e-09
1983-12-14 23:00:00,5.297174384058626e-10,2.3213616158399317e-10,3.4413403934902616e-10,1.0137810475296445e-08,5.563679668638441e-09
1983-12-15 23:00:00,1.7937713656229554e-10,3.729562902460909e-12,6.532789147631438e-11,7.598083121357141e-10,1.8898811605241563e-10
1983-12-16 23:00:00,6.651031677999223e-12,1.842134191031585e-12,2.7586473023617415e-15,0.0,3.833462061366946e-13
1983-12-17 23:00:00,7.147899682254151e-11,5.262691047391854e-12,1.9054915120014577e-11,0.0,4.499344396646376e-11
1983-12-18 23:00:00,2.6834580219454234e-09,1.4230454797615055e-10,9.086013219698712e-10,7.665304949990026e-09,1.6236708809932074e-09
1983-12-19 23:00:00,1.7080714719163047e-10,1.9809983549984517e-10,1.2449433820115196e-09,1.93295120779011e-09,2.397006998459498e-10
1983-12-20 23:00:00,0.0,0.0,0.0,0.0,4.554487060414869e-12
1983-12-21 23:00:00,0.0,0.0,0.0,0.0,0.0
1983-12-22 23:00:00,0.0,0.0,0.0,0.0,0.0
1983-12-23 23:00:00,1.8172412334630886e-10,4.4325340746177565e-10,1.286772097012511e-09,1.667994936859166e-09,1.0790553081918646e-08
1983-12-24 23:00:00,2.2598644373593508e-08,9.671706844259192e-08,5.699500441551209e-08,1.3987801417156502e-08,1.4639204299008405e-07
1983-12-25 23:00:00,4.0481382812787264e-11,3.0861837634195885e-10,2.362213908108296e-10,7.179034960076765e-10,2.4940501208658573e-09
1983-12-26 23:00:00,5.498202005616838e-12,2.373009381160416e-11,3.26204894076067e-11,1.5556737909921342e-10,1.2909024479557518e-10
1983-12-27 23:00:00,0.0,0.0,0.0,0.0,0.0
1983-12-28 23:00:00,9.954046820186906e-11,0.0,1.6751399487946873e-10,0.0,4.504088051530912e-11
1983-12-29 23:00:00,2.6309299519871948e-11,0.0,6.239696867177608e-11,0.0,4.56254282552335e-11
1983-12-30 23:00:00,2.5834198351259584e-11,3.683755036305498e-10,2.044763985193438e-10,7.269353502326541e-09,4.480280051076854e-09
1983-12-31 23:00:00,0.0,0.0,0.0,0.0,0.0
1984-01-01 23:00:00,0.0,0.0,0.0,0.0,0.0
1984-01-02 23:00:00,1.329869620450255e-11,0.0,2.1711706789641607e-11,0.0,2.3626939596228852e-11
1984-01-03 23:00:00,1.9039978031758908e-08,1.1343273023764292e-08,1.0690626998742422e-08,5.576469831996494e-08,2.8599881463580662e-08
1984-01-04 23:00:00,8.648609673535383e-08,6.222696216018112e-08,5.9044780554594815e-08,1.5362960320931894e-07,9.646509532575254e-08
1984-01-05 23:00:00,3.388983507951101e-08,3.28704990722515e-08,3.117342514020425e-08,5.518083771069845e-08,4.068766203191545e-08
1984-01-06 23:00:00,2.112475120358997e-08,2.4837164415253534e-08,1.9310679700639512e-08,5.053663143405208e-08,3.459591280531e-08
1984-01-07 23:00:00,4.416845255979785e-09,4.7450543691714604e-09,5.32576745307004e-09,1.9671374724970925e-08,7.598068979051378e-09
1984-01-08 23:00:00,5.88590208078838e-11,2.0081422041618714e-11,7.723032198285823e-12,1.166170329303929e-10,6.662536179646849e-11
1984-01-09 23:00:00,2.0123326504728065e-12,7.583788559444387e-12,4.582230017317839e-12,0.0,2.2605096024495583e-11
1984-01-10 23:00:00,2.4646543035352673e-09,2.1474880028378081e-10,3.2478109157333773e-10,3.7492435701467374e-09,1.2020170861096294e-09
1984-01-11 23:00:00,2.4399888287815784e-10,3.3400661777704956e-10,2.6501032213370006e-09,6.550919540502407e-10,7.606393450664149e-10
1984-01-12 23:00:00,4.843609079856564e-10,1.5778237462250724e-10,1.3792721330429669e-10,1.7711183884077603e-09,1.4150351354921305e-09
1984-01-13 23:00:00,5.932470041982554e-10,1.9935468487717487e-10,1.535589237593942e-10,2.07989028206578e-09,1.836649176699144e-09
1984-01-14 23:00:00,4.512356611451617e-10,1.1100151351894493e-10,1.3192095880017236e-10,1.7044675984868297e-09,8.570005323875833e-10
1984-01-15 23:00:00,0.0,0.0,0.0,0.0,0.0
1984-01-16 23:00:00,1.1695928050256852e-11,0.0,5.2239977742795385e-12,5.913657757143179e-10,9.99284650417933e-13
1984-01-17 23:00:00,0.0,0.0,0.0,1.6971878519850886e-11,0.0
1984-01-18 23:00:00,0.0,0.0,0.0,0.0,3.9102217299471333e-13
1984-01-19 23:00:00,0.0,0.0,0.0,0.0,0.0
1984-01-20 23:00:00,1.3072085157209249e-11,7.924684184588303e-13,1.6786117595512662e-12,1.0832621396898671e-10,1.4506114422585126e-11
1984-01-21 23:00:00,1.7194246605935472e-10,3.4663384280133027e-11,3.800279551392628e-11,7.839897578513181e-10,2.2901972341868613e-10
1984-01-22 23:00:00,6.348543145038463e-10,1.5916807266573112e-10,1.4795260978172775e-10,1.3646859399698398e-09,9.80677324588652e-10
1984-01-23 23:00:00,5.206453217262471e-10,4.374817945063114e-10,4.705195573882925e-10,8.064163503823457e-09,4.081192805811211e-09
1984-01-24 23:00:00,9.915378358629014e-08,1.1613691294634784e-07,9.893191081506234e-08,4.3356056566591614e-07,2.814700206120809e-07
1984-01-25 23:00:00,2.4203953367692454e-08,3.113472075374038e-08,3.085331232459457e-08,1.4370657779552318e-07,8.711500852196305e-08
1984-01-26 23:00:00,8.111936902558362e-10,1.2919269674630077e-09,5.695049271539406e-09,3.0854709998325067e-09,1.4556671872183129e-09
1984-01-27 23:00:00,3.034952269108207e-09,6.368661782255879e-09,5.7596157960317755e-09,5.02499606874254e-08,2.8304794320353755e-08
1984-01-28 23:00:00,4.857977748745017e-10,1.892251893877983e-09,2.010324452486303e-09,1.9642269169842756e-08,1.0893165513321206e-08
1984-01-29 23:00:00,9.132552400438321e-11,1.8311627812821555e-10,7.647029296667487e-11,6.683520903741872e-10,4.4513614503321825e-10
1984-01-30 23:00:00,2.7185823354456157e-10,5.734645054434185e-10,6.336236752017781e-10,2.7469162725740008e-09,2.8603406691992726e-09
1984-01-31 23:00:00,2.0150914443311868e-10,1.2523136791531687e-09,8.518747226507576e-10,2.01744199902923e-09,4.370617507784455e-09
1984-02-01 23:00:00,9.000254471579359e-11,7.602094060361937e-11,4.619911864951805e-11,1.178984422478135e-10,1.9355317043071543e-10
1984-02-02 23:00:00,6.407281034626067e-11,1.070545123959029e-09,4.782526822829688e-10,2.794739514313362e-10,2.293010690697917e-09
1984-02-03 23:00:00,9.933654736313555e-10,1.6073870507103424e-09,6.555391613531995e-10,2.897003734553302e-09,3.165860694867593e-09
1984-02-04 23:00:00,2.239289762521232e-09,1.6538867795908892e-09,1.889010718851178e-09,6.1958255591215914e-09,2.6917483450637925e-09
1984-02-05 23:00:00,2.4006615772291466e-09,4.122082006048273e-09,2.8921034256065333e-09,8.454834007554585e-09,1.0776076189897679e-08
1984-02-06 23:00:00,1.1070821158311985e-09,3.5360617632115327e-09,1.728906710114744e-09,7.498215332075402e-09,9.004117714034186e-09
1984-02-07 23:00:00,1.935019778708617e-09,3.5201568432428218e-09,2.1768607958047477e-09,6.853678712138423e-09,7.686798495275004e-09
1984-02-08 23:00:00,3.7713429062730736e-10,9.643335619734394e-10,6.201642530935782e-10,2.9492271305234345e-09,3.048486800657378e-09
1984-02-09 23:00:00,3.6723766889837052e-09,5.128678210355617e-09,2.8187997156271227e-09,2.8173824151357014e-08,2.139928854174084e-08
1984-02-10 23:00:00,9.580635189734123e-10,1.2462015513813606e-10,2.3161653963917936e-10,6.525954576554122e-09,2.2442017992337544e-09
1984-02-11 23:00:00,3.3665996010380763e-10,1.7762284174009606e-09,9.898580093350675e-10,4.562677608595954e-09,4.90106573259389e-09
1984-02-12 23:00:00,6.61504379025212e-08,9.676397950560958e-08,5.930151100511904e-08,2.530988278212371e-07,2.193956904941135e-07
1984-02-13 23:00:00,3.4686090769591155e-07,4.2501233242176196e-07,2.8769746974662497e-07,7.111087993339256e-07,7.543077292265716e-07
1984-02-14 23:00:00,4.047713828859506e-09,1.5691343556951593e-09,7.0162696970833675e-09,9.923099919601723e-09,7.961905664867825e-09
1984-02-15 23:00:00,1.7667065064112345e-09,1.4653096527413085e-09,9.205335475228451e-10,7.374709541047061e-09,5.4996574504507915e-09
1984-02-16 23:00:00,2.1529571946572374e-09,1.6244371525115436e-09,5.563753829510124e-09,8.327807127325624e-09,5.028538957790092e-09
1984-02-17 23:00:00,5.551752703333342e-10,1.1575295313916824e-09,6.435375522684168e-09,1.2415670789778232e-09,1.079009552658708e-09
1984-02-18 23:00:00,1.1164914920098252e-10,1.7708754899946076e-10,8.478504174423439e-11,9.620407837684507e-10,3.742508986895835e-10
1984-02-19 23:00:00,1.252922380377573e-10,2.643883581859646e-10,8.698149704960761e-11,7.884740760480916e-10,5.758408870961931e-10
1984-02-20 23:00:00,3.326007475455602e-09,2.7843318120748908e-09,1.7420017953824114e-09,9.094634679732499e-09,7.108517543033317e-09
1984-02-21 23:00:00,9.962301701307296e-09,6.3571016545648926e-09,5.757476513584455e-09,5.003233750661214e-08,2.2363517847326066e-08
1984-02-22 23:00:00,5.136185791343451e-10,1.8589174875092727e-10,1.2217276660656488e-09,6.70024762964911e-10,7.636736457546552e-10
1984-02-23 23:00:00,1.2372231005294318e-11,6.943143994754387e-11,8.475326467305423e-12,1.1808068612245498e-10,3.839340233416469e-10
1984-02-24 23:00:00,6.780104918612374e-09,1.295823776335628e-09,2.220792316452221e-09,1.575295571927671e-08,1.1120300602029871e-08
1984-02-25 23:00:00,4.4258747387815406e-08,6.487504061725404e-09,1.9090875155395932e-08,2.5282162759039138e-08,1.4380205560613562e-08
1984-02-26 23:00:00,1.8965936895390905e-11,1.683867055733033e-11,9.780124485216759e-11,4.3757001145018473e-10,2.3125802356473827e-10
1984-02-27 23:00:00,8.174016127466327e-11,1.29815475601289e-09,1.0713407148917516e-09,7.298106534613504e-09,7.433917511392523e-09
1984-02-28 23:00:00,2.8126410864017627e-09,7.153204469769089e-09,4.432325906775616e-09,2.813036243120829e-08,2.712744805547926e-08
1984-02-29 23:00:00,3.921245052306741e-09,8.285035965619265e-09,5.359317831419133e-09,3.801652678736934e-08,3.115142661112326e-08
1984-03-01 23:00:00,2.634180364785371e-08,3.4976596081698386e-08,2.102622969282998e-08,7.105134703494884e-08,7.859287438569246e-08
1984-03-02 23:00:00,8.597591960871661e-09,1.0896585191841478e-08,7.961953265799416e-09,3.61693705673571e-08,3.159025477038489e-08
1984-03-03 23:00:00,2.0662173887507782e-10,4.3536605382407153e-10,1.3805413618683815e-09,1.353150992481797e-09,6.189681072201994e-10
1984-03-04 23:00:00,8.555241274061027e-10,2.3950939929043805e-09,3.400791988328651e-09,1.7464559318290817e-09,3.974439093360195e-09
1984-03-05 23:00:00,4.782923324792473e-09,8.25076260500484e-09,4.0267328559248535e-09,7.570327983962165e-09,1.5426382974342063e-08
1984-03-06 23:00:00,1.9193411701255375e-08,1.988124516275194e-08,1.2418273146505709e-08,2.2231472863091362e-08,3.62488544649548e-08
1984-03-07 23:00:00,3.250866852424763e-08,2.8382476281236718e-08,2.023699520914643e-08,1.9318323444437097e-08,3.861050914835047e-08
1984-03-08 23:00:00,6.095561164396781e-08,4.7712160481346975e-08,3.648516756516916e-08,3.5959840924651534e-08,6.350894769032796e-08
1984-03-09 23:00:00,6.277080487321924e-08,4.952286680539449e-08,4.656547197589168e-08,3.6198836233880785e-08,5.265482045986034e-08
1984-03-10 23:00:00,4.300859515313749e-08,4.579878239719956e-08,3.668148484494951e-08,5.089545691454852e-08,6.177625722355313e-08
1984-03-11 23:00:00,3.746472850993828e-08,3.9846673607826235e-08,2.674284632559176e-08,6.84580096492061e-08,9.171009063720703e-08
1984-03-12 23:00:00,2.9690883777759694e-08,3.438940754643193e-08,2.5818132691913182e-08,6.6594989211471e-08,7.107024943387067e-08
1984-03-13 23:00:00,2.6343449398323343e-07,2.6375549810904046e-07,2.063478805400707e-07,2.088017154622961e-07,3.021062965746279e-07
1984-03-14 23:00:00,6.993772255049812e-08,7.492205059086834e-08,5.705359357374686e-08,1.784920030170017e-07,1.5568159244678638e-07
1984-03-15 23:00:00,2.9396086379333778e-08,4.0656430301842866e-08,2.9127675074118156e-08,1.0924054516686333e-07,9.93738571802775e-08
1984-03-16 23:00:00,1.584924343559477e-08,1.7378879366097626e-08,1.2579630646440718e-08,4.4629300634066264e-08,4.495224467030278e-08
1984-03-17 23:00:00,,,,,
1984-03-18 23:00:00,1.8529807803807436e-08,1.9854453426820262e-08,1.2264558010631138e-08,4.971072629646019e-08,4.300310103981583e-08
1984-03-19 23:00:00,6.150426136122809e-08,5.434158775541517e-08,4.150794612036811e-08,2.526491328522011e-08,5.1090347546118277e-08
1984-03-20 23:00:00,2.9207154556556987e-07,3.048376021561799e-07,2.481345114884553e-07,4.704219323617441e-08,2.2214196346424243e-07
1984-03-21 23:00:00,6.189675794707404e-08,2.8719112828925805e-08,3.6271035119339275e-08,5.694292209766529e-08,5.4445675125828494e-08
1984-03-22 23:00:00,8.939878532180079e-09,1.3504573316485793e-08,9.191858547705192e-09,3.068895251662643e-08,2.330226754700696e-08
1984-03-23 23:00:00,3.322669753321895e-08,4.1691059315646134e-08,2.7004030567628367e-08,1.8551397930692743e-08,4.116473650490796e-08
1984-03-24 23:00:00,1.255519136234566e-08,1.3767135915932832e-08,1.0599933426689218e-08,1.3503763410780166e-08,2.3479431315704628e-08
1984-03-25 23:00:00,6.1455134440351415e-09,6.225294674988146e-09,5.497371915865828e-09,5.752269868497495e-08,3.624147011174096e-08
1984-03-26 23:00:00,2.890609687677136e-09,2.9320614757361237e-09,4.13659891044652e-09,4.062411133889799e-08,2.2841380150229844e-08
1984-03-27 23:00:00,1.7190759104711038e-09,5.749229134784804e-09,5.358292686718482e-09,1.690958661061746e-08,1.864768702674795e-08
1984-03-28 23:00:00,5.7041524323048414e-09,9.284965280029508e-09,5.848601598430563e-09,3.5331911510891386e-08,3.119253449969822e-08
1984-03-29 23:00:00,7.380710707770453e-09,9.388117188656772e-09,1.3887564893122073e-08,1.2647614434913353e-07,8.08847447236379e-08
1984-03-30 23:00:00,5.130769202002773e-09,1.0252563903729121e-08,7.908662298211346e-09,3.9188265800476074e-08,3.813195007818717e-08
1984-03-31 23:00:00,2.620733446545071e-08,3.535474616068381e-08,1.9886307418346405e-08,1.0244788946928802e-07,1.0884541052359122e-07
1984-04-01 23:00:00,1.1196040582877619e-08,1.7180493860333053e-08,1.2754651683348196e-08,5.511071394990992e-08,6.069143613179525e-08
1984-04-02 23:00:00,1.5936903655529023e-08,2.0439617887691214e-08,1.2521465067510252e-08,2.3188494421817637e-08,5.0075749556223555e-08
1984-04-03 23:00:00,3.376600918946443e-08,2.99096190267139e-08,2.1031744502208852e-08,2.3315220519348426e-08,6.224849157863193e-08
1984-04-04 23:00:00,4.496968454784817e-08,4.800795956894204e-08,3.229414147359354e-08,1.5366096739415768e-08,7.75858649501094e-08
1984-04-05 23:00:00,7.493123964027122e-08,9.384828585165519e-08,6.02832105424669e-08,3.1203406828421134e-08,9.102172873638294e-08
1984-04-06 23:00:00,1.6071621190618586e-08,1.0511946209050992e-08,8.974563744333055e-09,3.9142204655541317e-08,3.500538567701976e-08
1984-04-07 23:00:00,6.558264295260111e-08,6.953781401669537e-08,5.1557189888424344e-08,1.7713282119344783e-08,8.512372771898906e-08
1984-04-08 23:00:00,1.501059752923471e-07,1.7612246451554476e-07,1.3335169465453536e-07,2.1365401921448884e-07,2.497050497266981e-07
1984-04-09 23:00:00,5.260543483826849e-09,5.231605911696399e-09,6.712063871048115e-09,3.82407037196336e-08,2.7988519933488633e-08
1984-04-10 23:00:00,8.893926386479978e-09,5.218847827227028e-09,7.597939283759505e-09,4.360923060664424e-08,2.7171149849891664e-08
1984-04-11 23:00:00,3.0647442434672956e-09,4.666194802633039e-09,3.174582013377437e-09,2.7465543502734767e-10,6.965422933852231e-09
1984-04-12 23:00:00,3.199800021118588e-08,3.618749479452769e-08,2.6594152053197225e-08,5.891874432563782e-08,8.009584965529265e-08
1984-04-13 23:00:00,3.4070210876288235e-08,4.460823480729704e-08,2.728053265147739e-08,2.0727270317298393e-09,4.0064233320730705e-08
1984-04-14 23:00:00,1.7748230033450658e-07,2.2849544330879494e-07,1.5629782720848366e-07,1.000656297913304e-08,1.2062645620769925e-07
1984-04-15 23:00:00,2.595713182731911e-07,2.9100053840213354e-07,2.541415117405079e-07,9.791236370801926e-09,9.965672537132545e-08
1984-04-16 23:00:00,1.7973408654884056e-07,1.7061680555343627e-07,1.758663301114683e-07,6.548169724367283e-09,4.5514360622123434e-08
1984-04-17 23:00:00,1.6825610840762104e-07,1.5924406272393686e-07,1.5691586114742137e-07,2.8987863549479733e-08,5.7961653780054166e-08
1984-04-18 23:00:00,5.033139829282407e-08,5.797873492594119e-08,4.130052195654975e-08,9.175000229367504e-09,3.437407038829945e-08
1984-04-19 23:00:00,3.616438971625434e-08,4.581736745657744e-08,3.049091608436019e-08,3.476450564684691e-08,6.119217585634303e-08
1984-04-20 23:00:00,1.8855687920694e-08,1.5623130732112462e-08,1.380265172984865e-08,7.034523150650784e-12,1.5458815075733044e-08
1984-04-21 23:00:00,5.859520700242784e-08,3.5114315924821075e-08,3.193898885338395e-08,0.0,1.6013361789562085e-08
1984-04-22 23:00:00,1.5159849767331724e-07,9.367543238180655e-08,1.0631875859366523e-07,0.0,2.6347697884948165e-08
1984-04-23 23:00:00,5.4953881987818964e-08,4.078616146688108e-08,4.043679546426844e-08,0.0,1.679340308463132e-08
1984-04-24 23:00:00,1.1782978695851785e-08,1.3486331811657659e-08,1.0449682810792216e-08,1.4793155369935213e-08,2.0398372025401504e-08
1984-04-25 23:00:00,4.0033242354790366e-09,7.86030803013731e-09,1.4273659498603256e-08,1.1957450597374527e-09,2.8469815367349873e-09
1984-04-26 23:00:00,3.5606290179270284e-09,4.705496270347525e-09,3.85999093177142e-09,3.2034405955561885e-09,9.009858110436687e-09
1984-04-27 23:00:00,2.5281222123238774e-09,2.6766443625092507e-09,2.7412733201075483e-09,0.0,1.5592806179214406e-09
1984-04-28 23:00:00,3.5047544925301162e-09,2.7536704308456844e-09,2.270906956659423e-09,0.0,3.35888523194525e-09
1984-04-29 23:00:00,5.225619232213056e-09,4.814388230443001e-09,4.197203519719618e-09,0.0,2.8600966281912945e-09
1984-04-30 23:00:00,1.0730751134731151e-07,1.2817755893424704e-07,1.0019222895304362e-07,8.881776973053261e-08,1.1027402347988553e-07
1984-05-01 23:00:00,3.927448060777452e-07,3.3608416716257734e-07,3.5439908504486084e-07,9.54167158515365e-08,1.4181680149502225e-07
1984-05-02 23:00:00,7.491684070339909e-08,6.065496140056187e-08,6.510872531820227e-08,0.0,1.3562411897712283e-08
1984-05-03 23:00:00,3.3142747702421964e-07,3.053427404827542e-07,2.944997504905418e-07,1.407929371904444e-07,1.7790298770975184e-07
1984-05-04 23:00:00,2.4938961422001873e-08,2.6532193576848066e-08,2.6324399643474154e-08,0.0,4.3784081935882565e-09
1984-05-05 23:00:00,6.313202557740388e-09,8.200196618283236e-09,6.538760606889372e-09,1.1794300818884814e-08,1.457740863164266e-08
1984-05-06 23:00:00,9.738073028900006e-09,8.312329236004088e-09,6.90312918137621e-09,0.0,2.37166467640135e-09
1984-05-07 23:00:00,4.9613808040265685e-08,3.4494535238654523e-08,3.18868237513083e-08,0.0,5.208224541059247e-09
1984-05-08 23:00:00,1.5459456929454098e-07,1.0904179679022895e-07,1.4076720785211633e-07,0.0,6.918185562999161e-09
1984-05-09 23:00:00,1.6821365665506433e-07,1.2745722576423928e-07,1.838298969798618e-07,0.0,5.200854675085456e-09
1984-05-10 23:00:00,7.216289087578103e-08,6.885843696417632e-08,9.085800360750269e-08,0.0,3.1140367328016846e-09
1984-05-11 23:00:00,5.710686136175085e-07,5.185204523581045e-07,7.022898726993137e-07,6.143974485220732e-08,7.56961272822486e-08
1984-05-12 23:00:00,1.799905300140381e-07,2.2645056247711181e-07,2.730552134690461e-07,7.974211540487078e-10,4.993980681454694e-09
1984-05-13 23:00:00,2.058530295336688e-07,2.138909587153682e-07,2.887771306214509e-07,1.4003720824365263e-08,1.6601414040282922e-08
1984-05-14 23:00:00,2.0591813105124015e-07,2.1559112601810032e-07,2.8946671220991345e-07,1.796154788246861e-08,2.1964809684841722e-08
1984-05-15 23:00:00,2.4011286872404593e-08,2.9654969219808226e-08,2.0493971252882923e-08,4.111947836699309e-08,4.516756920902817e-08
1984-05-16 23:00:00,1.3944648758128838e-08,9.628408071067597e-09,1.0518161235032259e-08,0.0,4.1096281536199427e-10
1984-05-17 23:00:00,3.661717253702658e-08,3.816252229390321e-08,4.913364847501119e-08,0.0,3.673194441944361e-10
1984-05-18 23:00:00,8.704172240363227e-08,9.208961217491716e-08,1.290258213325783e-07,0.0,4.605010703757957e-10
1984-05-19 23:00:00,2.2286095001079417e-07,2.541620201534695e-07,3.663755787743462e-07,0.0,9.098371352862428e-10
1984-05-20 23:00:00,1.2526886330710518e-07,1.4347138228239836e-07,2.0401095902478254e-07,0.0,5.675225380670141e-10
1984-05-21 23:00:00,2.1625075627256324e-08,3.16108790812669e-08,4.150576061672635e-08,0.0,2.0138951691074503e-10
1984-05-22 23:00:00,1.0957683678026553e-07,1.4749804028758296e-07,2.0159825130745217e-07,0.0,4.4998505877123936e-10
1984-05-23 23:00:00,1.846991424207334e-07,2.434169583850437e-07,3.164928047745316e-07,2.32484577982514e-08,2.665942465817487e-08
1984-05-24 23:00:00,2.6873374978701273e-08,3.908382245787868e-08,5.3593897157245215e-08,0.0,1.6420137533849036e-10
1984-05-25 23:00:00,1.2767870117116857e-07,1.723855181976601e-07,2.4467574225531686e-07,1.2283337612946829e-09,1.7519883328565846e-09
1984-05-26 23:00:00,1.6275072539294209e-07,2.3273518791905157e-07,3.1760385742893923e-07,4.5178057916928086e-12,2.964203142457538e-10
1984-05-27 23:00:00,3.7233506639798484e-08,7.392729874010439e-08,9.438112930015282e-08,0.0,9.814819484880125e-11
1984-05-28 23:00:00,4.975102565906666e-08,1.1943840318255955e-07,1.4050197822076304e-07,0.0,0.0
1984-05-29 23:00:00,9.196594909385398e-08,1.781092197806747e-07,2.065677113003201e-07,1.9835960809831267e-08,2.3407155164965876e-08
1984-05-30 23:00:00,1.3042761219872367e-07,2.396251316423769e-07,3.295593570779871e-07,0.0,0.0
1984-05-31 23:00:00,4.927310057812267e-09,1.0834776416972832e-08,1.4267761122297357e-08,0.0,0.0
1984-06-01 23:00:00,1.2616255769023189e-08,2.1431058369300982e-08,2.9619038105010987e-08,0.0,0.0
1984-06-02 23:00:00,2.1799296416618205e-08,4.342862853297481e-08,6.114876932568021e-08,0.0,0.0
1984-06-03 23:00:00,4.086926579475403e-08,8.578344075768082e-08,1.1764758163028293e-07,0.0,0.0
1984-06-04 23:00:00,2.044535787017257e-07,4.45810423956977e-07,4.932287445774784e-07,1.2033984616950707e-07,1.133243684415464e-07
1984-06-05 23:00:00,1.3961997297075059e-07,2.8598006124849674e-07,2.913020054499308e-07,8.675979795279326e-08,8.936807513237e-08
1984-06-06 23:00:00,1.4338735077116223e-07,2.858625738709061e-07,2.9334198545526576e-07,9.311988397880837e-08,9.554804475219161e-08
1984-06-07 23:00:00,1.0840843121210734e-07,3.035004492159243e-07,2.7858453768270987e-07,8.591437781298602e-08,9.407000409232246e-08
1984-06-08 23:00:00,8.090995252132416e-09,1.5358971776785675e-08,2.4347178362033985e-08,1.1556878410003803e-09,8.050103119953915e-10
1984-06-09 23:00:00,6.935828261905246e-08,5.362913012504578e-08,6.233422292603386e-08,4.449825595926355e-08,4.421773056189219e-08
1984-06-10 23:00:00,1.5976702725445783e-07,2.3985820787924306e-07,2.6335166560279e-07,1.3122258362946688e-07,1.3859164935571175e-07
1984-06-11 23:00:00,2.1196791419276485e-08,6.741919451289706e-08,8.344377632494326e-08,1.0848900786152593e-08,1.0701042634469491e-08
1984-06-12 23:00:00,7.340823058728818e-08,1.636865183159157e-07,1.7335980026810258e-07,5.917288638927318e-08,6.371936864323087e-08
1984-06-13 23:00:00,9.40736590160264e-09,6.800081994798448e-08,8.22085197325106e-08,7.844242780400371e-11,1.0940404953779997e-09
1984-06-14 23:00:00,1.0844557373612015e-08,8.447957259637338e-08,9.074716104401482e-08,0.0,0.0
1984-06-15 23:00:00,1.0906152151249073e-07,1.111435779818782e-07,1.3697263267305162e-07,2.7086530570630673e-08,2.9388751696657252e-08
1984-06-16 23:00:00,3.7958804104063245e-08,9.680849534493905e-08,1.2172193438918502e-07,1.4522318486814145e-08,1.1436036201538863e-08
1984-06-17 23:00:00,6.4414649925850055e-09,5.927979946136475e-08,6.488270781658314e-08,0.0,0.0
1984-06-18 23:00:00,9.782049391004774e-08,1.8920889607182255e-07,1.9943985674116346e-07,5.7064570762492995e-08,5.445819762017992e-08
1984-06-19 23:00:00,2.4076885647243923e-07,2.7865555551317004e-07,2.5192995866139727e-07,2.2194809383816188e-07,2.66821163671988e-07
1984-06-20 23:00:00,1.0923554223996621e-08,1.2767787332888003e-07,1.4276035405971387e-07,3.0155055638816622e-09,3.072277953227361e-09
1984-06-21 23:00:00,2.6383928747640717e-09,4.708317142945749e-08,5.538008831165455e-08,0.0,0.0
1984-06-22 23:00:00,1.862880739348906e-09,4.0872938655040884e-08,4.1993078258302475e-08,0.0,0.0
1984-06-23 23:00:00,2.634389739897516e-09,6.588848652663055e-08,6.451739757149308e-08,0.0,0.0
1984-06-24 23:00:00,3.0603770304609228e-09,7.991663835666798e-08,7.780097700931407e-08,0.0,0.0
1984-06-25 23:00:00,2.6003414489052916e-09,8.002420266469319e-08,7.878146237797207e-08,0.0,0.0
1984-06-26 23:00:00,1.995711138954869e-09,7.826842643596509e-08,7.629022554115013e-08,0.0,0.0
1984-06-27 23:00:00,1.4165549159601883e-09,7.55890044901106e-08,6.75836702187856e-08,0.0,0.0
1984-06-28 23:00:00,1.053875398442701e-09,7.663892375098334e-08,7.043893138567607e-08,0.0,0.0
1984-06-29 23:00:00,7.027142715674859e-10,9.255727132161459e-08,8.59215138135133e-08,0.0,0.0
1984-06-30 23:00:00,6.950845730628956e-11,2.5742583804660373e-08,2.1246893814316502e-08,0.0,0.0
1984-07-01 23:00:00,6.477422882906265e-11,3.0177453601801836e-08,2.4349085158771938e-08,0.0,0.0
1984-07-02 23:00:00,7.244949099711246e-11,4.416574482564573e-08,3.5834546994279934e-08,0.0,0.0
1984-07-03 23:00:00,0.0,3.646957101645293e-08,2.729451490773095e-08,0.0,0.0
1984-07-04 23:00:00,0.0,3.551392367592564e-08,2.5208780059108027e-08,0.0,0.0
1984-07-05 23:00:00,0.0,4.478167052622195e-08,3.113689246001067e-08,0.0,0.0
1984-07-06 23:00:00,0.0,4.189378133526555e-08,2.8878911225884048e-08,0.0,0.0
1984-07-07 23:00:00,0.0,2.5742627956249095e-08,1.686902923716439e-08,0.0,0.0
1984-07-08 23:00:00,0.0,2.260018002103876e-08,1.4691297654752378e-08,0.0,0.0
1984-07-09 23:00:00,0.0,2.119375185834037e-08,1.3976534483609375e-08,0.0,0.0
1984-07-10 23:00:00,0.0,2.173433287276162e-08,1.304579691754447e-08,0.0,0.0
1984-07-11 23:00:00,0.0,2.7284707736085963e-08,1.575930940884131e-08,0.0,0.0
1984-07-12 23:00:00,0.0,2.1000545885827805e-08,1.1629740949030276e-08,0.0,0.0
1984-07-13 23:00:00,0.0,1.5988192624515958e-08,8.646133183329193e-09,0.0,0.0
1984-07-14 23:00:00,0.0,1.6055997047159407e-08,8.57622328179854e-09,0.0,0.0
1984-07-15 23:00:00,0.0,1.9211440726562783e-08,9.673243319546734e-09,0.0,0.0
1984-07-16 23:00:00,0.0,1.9800896169962706e-08,9.18358909311118e-09,0.0,0.0
1984-07-17 23:00:00,0.0,1.899912539455626e-08,8.410394053768229e-09,0.0,0.0
1984-07-18 23:00:00,0.0,2.221625436235357e-08,9.522510485516655e-09,0.0,0.0
1984-07-19 23:00:00,0.0,2.0354474308314147e-08,8.151547776328192e-09,0.0,0.0
1984-07-20 23:00:00,0.0,1.4165664712587993e-08,5.143464163497642e-09,0.0,0.0
1984-07-21 23:00:00,0.0,1.1113010070942066e-08,3.98069758106161e-09,0.0,0.0
1984-07-22 23:00:00,5.9172367608105695e-08,8.056465674329687e-08,7.108201031331662e-08,5.678015174689116e-08,6.04571181314963e-08
1984-07-23 23:00:00,8.950551902806318e-08,2.995390858915117e-08,3.221995852611683e-08,3.947182386009781e-08,4.507019288010067e-08
1984-07-24 23:00:00,0.0,1.8251247152134223e-08,4.771890601626149e-09,0.0,0.0
1984-07-25 23:00:00,0.0,1.6748901042673323e-08,3.989991145553412e-09,0.0,0.0
1984-07-26 23:00:00,4.733296594134084e-09,1.9441992044448852e-08,1.1600515356770267e-08,6.628735853290117e-10,1.4129923484115688e-09
1984-07-27 23:00:00,0.0,1.1834382183021969e-08,2.2061650330821672e-09,0.0,0.0
1984-07-28 23:00:00,3.099257195437396e-07,3.4222651410985877e-07,3.3430192205641007e-07,2.676010794109768e-07,2.7845521767934163e-07
1984-07-29 23:00:00,0.0,8.74560809245816e-09,1.307257916778326e-09,0.0,0.0
1984-07-30 23:00:00,0.0,7.511006875170601e-09,8.144599592520131e-10,0.0,0.0
1984-07-31 23:00:00,0.0,6.966959961034633e-09,6.975752249774006e-10,0.0,0.0
1984-08-01 23:00:00,3.649099005593194e-08,7.989289583983244e-08,7.725025768633243e-08,2.290155048723574e-08,2.9257433833899322e-08
1984-08-02 23:00:00,7.914564123860112e-08,4.579982823795743e-08,6.992237987341704e-08,4.2373893989457026e-08,3.2637273823773417e-08
1984-08-03 23:00:00,1.0449035714070003e-08,5.2500852832087766e-08,1.604114141729143e-08,2.4974012264498958e-08,2.973934014638265e-08
1984-08-04 23:00:00,1.0945186432864931e-08,5.802334458739669e-08,2.3294069148876048e-08,1.7736258882063408e-08,2.411660772782785e-08
1984-08-05 23:00:00,3.7199834844580404e-10,1.3068467378616332e-08,1.1456872302073019e-08,4.7366451730744704e-11,1.1785947545259086e-09
1984-08-06 23:00:00,0.0,4.0376724468337165e-09,4.0533689402595713e-10,0.0,0.0
1984-08-07 23:00:00,0.0,3.1687864274890335e-09,1.430984573542244e-10,0.0,0.0
1984-08-08 23:00:00,0.0,3.8041305486802705e-09,1.7253824302719698e-10,0.0,0.0
1984-08-09 23:00:00,0.0,4.627031998501883e-09,2.2186011645115083e-10,0.0,0.0
1984-08-10 23:00:00,0.0,4.873087077781006e-09,2.2972994311540216e-10,0.0,0.0
1984-08-11 23:00:00,0.0,4.586403913520001e-09,1.5243486915197637e-10,0.0,0.0
1984-08-12 23:00:00,0.0,4.611880070081464e-09,1.1227722064143529e-10,0.0,0.0
1984-08-13 23:00:00,0.0,2.8266962962570013e-09,6.144220134484823e-11,0.0,0.0
1984-08-14 23:00:00,0.0,3.653468426179003e-09,5.6697323021513444e-11,0.0,0.0
1984-08-15 23:00:00,0.0,3.5975649263019914e-09,6.132001915291228e-11,0.0,0.0
1984-08-16 23:00:00,2.0202592843108708e-08,2.9652727836811986e-09,1.4371600829892688e-09,7.303360573671482e-09,4.2056492357342335e-09
1984-08-17 23:00:00,0.0,2.575910098298832e-09,4.22290974745044e-11,0.0,0.0
1984-08-18 23:00:00,0.0,2.436677718328105e-09,2.9103046270190843e-11,0.0,0.0
1984-08-19 23:00:00,0.0,1.5817027263067386e-09,1.7957447400678778e-11,0.0,0.0
1984-08-20 23:00:00,0.0,8.85417253744823e-10,1.053298547049053e-11,0.0,0.0
1984-08-21 23:00:00,0.0,1.2217970840908863e-09,1.663778406240184e-11,0.0,0.0
1984-08-22 23:00:00,3.098455844102083e-08,5.698494820131196e-09,2.0123589094038362e-08,2.533279324847239e-09,6.12694494150303e-09
1984-08-23 23:00:00,0.0,1.5862739679438096e-09,9.194770461396762e-12,0.0,0.0
1984-08-24 23:00:00,0.0,9.057994207574261e-10,0.0,0.0,0.0
1984-08-25 23:00:00,0.0,9.781248108656317e-10,0.0,0.0,0.0
1984-08-26 23:00:00,0.0,1.119698518542228e-09,0.0,0.0,0.0
1984-08-27 23:00:00,0.0,1.1009603945745362e-09,0.0,0.0,0.0
1984-08-28 23:00:00,0.0,1.0545657844179206e-09,0.0,0.0,0.0
1984-08-29 23:00:00,0.0,6.449391582497844e-10,0.0,0.0,0.0
1984-08-30 23:00:00,2.2746112611558702e-07,1.3451596101125082e-07,1.8854211877893518e-07,1.7788197155351992e-07,1.8910763440308747e-07
1984-08-31 23:00:00,1.5956044748977377e-08,3.004649998965087e-08,2.9792286179683827e-08,1.6278701799887196e-08,2.1328410064732586e-08
1984-09-01 23:00:00,0.0,1.2476826129757145e-10,0.0,0.0,0.0
1984-09-02 23:00:00,0.0,2.082414209359774e-10,0.0,0.0,0.0
1984-09-03 23:00:00,0.0,2.602779271977919e-10,0.0,0.0,0.0
1984-09-04 23:00:00,0.0,2.8191186073753566e-10,0.0,0.0,0.0
1984-09-05 23:00:00,0.0,4.361739761575505e-10,0.0,0.0,0.0
1984-09-06 23:00:00,7.906108542724892e-08,9.665273957782321e-08,9.185858346797801e-08,9.027771375797413e-08,9.551250272327e-08
1984-09-07 23:00:00,8.909279411589658e-09,1.3797225223647224e-08,2.409975285883303e-08,2.6802363357058276e-09,4.0095578879117965e-09
1984-09-08 23:00:00,0.0,2.350732985952938e-10,0.0,0.0,0.0
1984-09-09 23:00:00,0.0,2.2706495925646137e-10,0.0,0.0,0.0
1984-09-10 23:00:00,0.0,7.90526488951097e-11,0.0,0.0,0.0
1984-09-11 23:00:00,0.0,6.590472939596684e-11,0.0,0.0,0.0
1984-09-12 23:00:00,0.0,1.829324092897069e-11,0.0,0.0,0.0
1984-09-13 23:00:00,0.0,3.48164300063487e-11,0.0,0.0,0.0
1984-09-14 23:00:00,0.0,7.584650086721888e-11,0.0,0.0,0.0
1984-09-15 23:00:00,0.0,1.2724912570168574e-10,0.0,0.0,0.0
1984-09-16 23:00:00,0.0,1.2415341593118177e-10,0.0,0.0,0.0
1984-09-17 23:00:00,0.0,1.6007304010498855e-10,0.0,0.0,0.0
1984-09-18 23:00:00,0.0,1.8152039653311173e-10,0.0,0.0,0.0
1984-09-19 23:00:00,3.3043198011539603e-08,3.535262412495083e-08,4.2794021191420376e-08,1.8945133520497218e-08,2.0156248852058693e-08
1984-09-20 23:00:00,8.445605083748147e-08,6.24743711065363e-08,7.862893519578157e-08,8.151578682440298e-08,1.1330458852979872e-07
1984-09-21 23:00:00,0.0,7.861556325763188e-11,7.248485926707131e-14,0.0,1.5034868502644477e-10
1984-09-22 23:00:00,0.0,1.0392997014437073e-13,0.0,0.0,0.0
1984-09-23 23:00:00,0.0,0.0,0.0,0.0,0.0
1984-09-24 23:00:00,0.0,0.0,0.0,0.0,0.0
1984-09-25 23:00:00,0.0,0.0,0.0,0.0,0.0
1984-09-26 23:00:00,0.0,4.943319288065174e-12,0.0,0.0,0.0
1984-09-27 23:00:00,0.0,3.3484371265836266e-12,0.0,0.0,0.0
1984-09-28 23:00:00,0.0,1.698686328718732e-12,0.0,0.0,0.0
1984-09-29 23:00:00,0.0,1.845652689182855e-11,0.0,0.0,0.0
1984-09-30 22:00:00,0.0,2.4036955976582787e-11,0.0,0.0,0.0
