,1,3,5,7,9
area,10620000.0,14000000.0,23477500.0,245000.0,6352500.0
1983-10-01 23:00:00,0.0,0.0,0.0,0.0,0.0
1983-10-02 23:00:00,0.0,0.0,0.0,0.0,0.0
1983-10-03 23:00:00,0.0,0.0,0.0,0.0,0.0
1983-10-04 23:00:00,0.0,0.0,0.0,0.0,0.0
1983-10-05 23:00:00,0.0,0.0,0.0,0.0,0.0
1983-10-06 23:00:00,0.0,0.0,0.0,0.0,0.0
1983-10-07 23:00:00,0.0,0.0,0.0,0.0,0.0
1983-10-08 23:00:00,0.17596523708767361,0.35710890028211806,0.4072978606047454,0.008921150631374783,0.29678236219618054
1983-10-09 23:00:00,0.6653958695023148,0.9759009693287037,1.7352307581018518,0.00995215239348235,0.2568739827473958
1983-10-10 23:00:00,0.21834694191261575,0.7849464699074075,1.1150404188368055,0.004408177269829644,0.1237370130750868
1983-10-11 23:00:00,0.0,0.0,0.0,0.0,0.0
1983-10-12 23:00:00,0.0,0.0,0.0,0.0,0.0
1983-10-13 23:00:00,0.8088623046875,1.1843790690104166,2.5338838252314817,0.029554816351996527,0.61265869140625
1983-10-14 23:00:00,0.07888492160373264,0.1464030287000868,0.17303645381221064,0.009242275379322193,0.22599604853877314
1983-10-15 23:00:00,0.16807013617621527,0.25550295229311343,0.2573404269748264,0.0004104335661287661,0.16344558150679978
1983-10-16 23:00:00,0.2548527470341435,0.25184807671440973,0.3534260841652199,0.0003150280095912792,0.06728147718641493
1983-10-17 23:00:00,0.3658292869285301,0.23135685673466436,0.51760498046875,7.283315062522888e-05,0.018027797275119356
1983-10-18 23:00:00,0.018723492092556422,0.012023465191876448,0.014293413515444156,0.0,0.0007398575323599357
1983-10-19 23:00:00,0.12070239031756366,0.16276430483217594,0.2888324878833912,0.0,0.0015384107165866427
1983-10-20 23:00:00,0.034423443829571757,0.07242214061595775,0.09956310130931713,0.0,0.00012310051255755953
1983-10-21 23:00:00,0.01597245392975984,0.04316867404513889,0.05601450602213542,0.0,0.00010627274160031919
1983-10-22 23:00:00,0.007406275713885272,0.019940112078631365,0.037746138396086516,0.0,0.0
1983-10-23 23:00:00,0.23748933015046297,0.5886716941550926,0.6768089011863426,0.005767602214106807,0.1654350111219618
1983-10-24 23:00:00,2.8918722161540277e-05,3.087379314281322e-05,6.041239809106898e-05,0.0,0.0
1983-10-25 23:00:00,3.6492917893661394e-07,0.0004042460300304272,0.0005653364570052536,0.0,0.0
1983-10-26 23:00:00,0.00011874860083615338,0.00045712108965273256,0.0007312953913653339,0.0,0.0
1983-10-27 23:00:00,2.892410037694154e-05,0.00014271962421911734,0.0008274444827327022,0.0,0.0
1983-10-28 23:00:00,0.0,2.939638164308336e-05,0.0002878422428060461,0.0,0.0
1983-10-29 23:00:00,0.0,3.861946916138684e-05,0.0013002692328559027,0.0,0.0
1983-10-30 23:00:00,0.32040059407552085,0.6949480070891204,0.8659200484664352,0.006794961999963831,0.1939748580367477
1983-10-31 23:00:00,0.4204097493489583,0.3948024269386574,0.9948267505787037,0.004826204158641674,0.10657641375506366
1983-11-01 23:00:00,0.5282444480613426,0.5582441767939815,1.1592958803530093,0.005619094283492477,0.14052798800998265
1983-11-02 23:00:00,0.0,0.0,8.970343956240902e-05,0.0,0.0
1983-11-03 23:00:00,0.0,0.0,0.0,0.0,0.0
1983-11-04 23:00:00,0.5549810564959491,0.825533763744213,1.401503002025463,0.010459752259431063,0.26134688765914355
1983-11-05 23:00:00,0.03664161682128906,0.052486905698423035,0.06600377965856481,0.001238461070590549,0.041792206940827546
1983-11-06 23:00:00,1.6553823061342592,3.079978660300926,4.394180410879629,0.04776268287941261,1.355306712962963
1983-11-07 23:00:00,0.02005449930826823,0.04180389969437211,0.07633474279333044,0.0010204501505251284,0.03217001173231337
1983-11-08 23:00:00,0.0031625362678810403,0.003876511255900065,0.00498734368218316,0.00022148127909059877,0.003926302591959635
1983-11-09 23:00:00,0.2216716625072338,0.24946501555266204,0.4459795464409722,0.0030442831251356337,0.10396206325954861
1983-11-10 23:00:00,1.722096896701389,2.513240921585648,3.6135387731481483,0.025642143532081888,0.7589890769675925
1983-11-11 23:00:00,1.710099826388889,3.0857902922453704,4.693374204282407,0.02999031632034867,0.7298958333333333
1983-11-12 23:00:00,0.9255772569444445,0.9100585033275463,1.7848949291087963,0.013749602988914207,0.3397925708912037
1983-11-13 23:00:00,0.256871337890625,0.21660540545428242,0.330052490234375,0.00304374270968967,0.10300257930049189
1983-11-14 23:00:00,0.006892353340431496,0.019092032821090132,0.01760006798638238,0.0008910914703651711,0.01425323486328125
1983-11-15 23:00:00,0.09470522845232929,0.10404527452256944,0.1560693359375,0.003182061513264974,0.1037461683485243
1983-11-16 23:00:00,0.4444183575665509,0.6386733669704862,0.8450442165798611,0.01046232576723452,0.35902418348524306
1983-11-17 23:00:00,3.4941399016203705,5.507442853009259,8.931313657407408,0.09305356061017071,2.2437541594328705
1983-11-18 23:00:00,0.1019315027307581,0.04364295676902488,0.1254996066623264,0.0023797337214152016,0.05427999990957755
1983-11-19 23:00:00,0.2018119529441551,0.0932356544777199,0.19030598958333333,0.01092269120392976,0.1824250962999132
1983-11-20 23:00:00,0.02969809920699508,0.008336958002161096,0.046729806970666955,0.0015854148511533384,0.012660162183973525
1983-11-21 23:00:00,0.013957494099934896,0.010310648458975332,0.025842547946506075,0.0005052710462499548,0.010251098208957247
1983-11-22 23:00:00,0.0031120088365342883,0.002816327412923177,0.0016204115196510598,8.676618337631225e-05,0.003530793719821506
1983-11-23 23:00:00,0.009246997126826534,0.016421857763219763,0.011882625155978732,0.0006235919175324616,0.014513876173231337
1983-11-24 23:00:00,2.2520554832175925,3.093122829861111,4.393215784143519,0.05244138929578993,1.5847316261574074
1983-11-25 23:00:00,0.01201816134982639,0.005705181757609049,0.0510844647442853,0.0010444621686582212,0.007586093478732639
1983-11-26 23:00:00,0.0045604850627757884,0.007366807725694444,0.010184331823278357,0.00033596122706377947,0.005204993707162362
1983-11-27 23:00:00,0.003403447115862811,0.00819120548389576,0.005494516160753038,0.00041616726804662635,0.014026193971987124
1983-11-28 23:00:00,0.03270312556514034,0.005750978964346427,0.029333470662434896,0.000493388087661178,0.008897707197401258
1983-11-29 23:00:00,0.0004540211183053476,0.000745899412367079,0.0018318799689964011,2.8933242515281395e-05,0.0021416966120402017
1983-11-30 23:00:00,0.039043872974537035,0.012540810196487992,0.030870030721028646,0.0027551827607331454,0.025236033686885127
1983-12-01 23:00:00,0.011624349664758752,0.002115393567968298,0.0033477150952374492,9.328862031300862e-05,0.0007024668764185022
1983-12-02 23:00:00,0.0009461533581769025,1.826671952450717e-05,0.00017067817626176057,1.255541901897501e-05,4.94922090459753e-05
1983-12-03 23:00:00,0.0009701877170138889,0.0023326852586534287,0.0024340212786639176,0.00023087329334682888,0.00459048553749367
1983-12-04 23:00:00,0.0015974108378092448,0.0013876590022334346,0.006064984356915509,0.0017837358404088903,0.00747984215065285
1983-12-05 23:00:00,0.026037801106770835,0.004223335760611075,0.006328784094916449,0.0006095817353990343,0.0035098210087528936
1983-12-06 23:00:00,0.037054632681387444,0.01029115394309715,0.01647417562979239,0.004373324712117513,0.04361070138436777
1983-12-07 23:00:00,0.07614800912362558,0.11521566885489004,0.23866181550202548,0.04907384236653646,0.6519753689236111
1983-12-08 23:00:00,0.007002393228036386,0.006832646263970269,0.014696035031919127,0.0020930329075566044,0.017610113355848524
1983-12-09 23:00:00,0.14515822799117478,0.2377893292462384,0.39426640263310186,0.04607034188729745,0.665531005859375
1983-12-10 23:00:00,0.06594845807110822,0.09774443449797454,0.2637649197048611,0.019184270788122106,0.2668907787181713
1983-12-11 23:00:00,0.016345066494411892,0.02194306832772714,0.037977345784505206,0.008766614419442636,0.11850487603081597
1983-12-12 23:00:00,0.04796943947120949,0.040227553756148726,0.1246384910300926,0.005131115383572049,0.02915188542118779
1983-12-13 23:00:00,0.019567796212655527,0.009122222617820457,0.03635841934769242,0.0028209333066587096,0.02273443857828776
1983-12-14 23:00:00,0.005625599401968497,0.0032499062573468243,0.008079406596996167,0.0024837636947631836,0.03534327471697772
1983-12-15 23:00:00,0.0019049854631777163,5.221388406223721e-05,0.0015337357697663484,0.00018615303216157136,0.0012005469534132217
1983-12-16 23:00:00,7.063395447201199e-05,2.578987843460507e-05,6.476613904211533e-08,0.0,2.435206746061643e-06
1983-12-17 23:00:00,0.0007591069186175311,7.367767669536449e-05,0.00044736173417833116,0.0,0.00028582085061956334
1983-12-18 23:00:00,0.028498323228624133,0.0019922637939453125,0.021331688209816263,0.0018779996589378075,0.010314369908085576
1983-12-19 23:00:00,0.0018139717313978407,0.0027733975869637948,0.029228156760886862,0.00047357303124886973,0.00152269857901114
1983-12-20 23:00:00,0.0,0.0,0.0,0.0,2.8932381559301306e-05
1983-12-21 23:00:00,0.0,0.0,0.0,0.0,0.0
1983-12-22 23:00:00,0.0,0.0,0.0,0.0,0.0
1983-12-23 23:00:00,0.0019299100946497034,0.006205547474048756,0.030210186993634258,0.00040865876056529857,0.06854698463722511
1983-12-24 23:00:00,0.23999760380497684,1.354038990162037,1.3381001338252314,0.00342701134858308,0.9299554217303241
1983-12-25 23:00:00,0.00042991231988977506,0.004320657518174913,0.005545887770476165,0.00017588635285695393,0.01584345358389395
1983-12-26 23:00:00,5.83909065635116e-05,0.0003322212784378617,0.0007658476299709744,3.811400521684576e-05,0.000820045824404116
1983-12-27 23:00:00,0.0,0.0,0.0,0.0,0.0
1983-12-28 23:00:00,0.0010571197227195457,0.0,0.003932809829711914,0.0,0.0002861221852125945
1983-12-29 23:00:00,0.00027940476382220234,0.0,0.0014649249889232493,0.0,0.0002898355104305126
1983-12-30 23:00:00,0.00027435916441458243,0.005157255949797454,0.004800594471119068,0.001780991554260254,0.028460978755244504
1983-12-31 23:00:00,0.0,0.0,0.0,0.0,0.0
1984-01-01 23:00:00,0.0,0.0,0.0,0.0,0.0
1984-01-02 23:00:00,0.00014123215719505591,0.0,0.000509736626236527,0.0,0.0001500901359098929
1984-01-03 23:00:00,0.20220458984375,0.15880579065393519,0.2509891764322917,0.01366234955964265,0.18168074996383102
1984-01-04 23:00:00,0.918482349537037,0.8711774811921297,1.3862239583333333,0.03763925623010706,0.6127945963541667
1984-01-05 23:00:00,0.3599100522641782,0.4601870388454861,0.7318740505642362,0.013519304063585069,0.25846835666232637
1984-01-06 23:00:00,0.2243448441116898,0.3477203143084491,0.45336647316261575,0.012381475943106192,0.21977053041811342
1984-01-07 23:00:00,0.04690689652054398,0.06643076578776042,0.12503570556640625,0.0048194871125397856,0.048266737196180555
1984-01-08 23:00:00,0.0006250828283804435,0.0002811398991832027,0.00018131750601309317,2.857117189301385e-05,0.0004232376151614719
1984-01-09 23:00:00,2.1370972196261087e-05,0.00010617303627508657,0.0001075793085274873,0.0,0.00014359888103273179
1984-01-10 23:00:00,0.026174627233434607,0.003006483007360388,0.007625048602068866,0.0009185647964477539,0.0076358138190375435
1984-01-11 23:00:00,0.0025912680449309174,0.004676092995537652,0.062217797173394096,0.00016049752632776897,0.004831961879023799
1984-01-12 23:00:00,0.005143912986472801,0.0022089530803539137,0.003238186306423611,0.00043392397739269115,0.008989010563603154
1984-01-13 23:00:00,0.006300283361364294,0.0027909653275101274,0.003605179610075774,0.0005095731329034876,0.011667314458776404
1984-01-14 23:00:00,0.004792122311062283,0.0015540213055080837,0.0030971742559362343,0.00041759451230367027,0.00544409504643193
1984-01-15 23:00:00,0.0,0.0,0.0,0.0,0.0
1984-01-16 23:00:00,0.000124210759445473,0.0,0.00012264639139175415,0.00014488463048581725,6.347956066882168e-06
1984-01-17 23:00:00,0.0,0.0,0.0,4.1581103923144166e-06,0.0
1984-01-18 23:00:00,0.0,0.0,0.0,0.0,2.483968209061358e-06
1984-01-19 23:00:00,0.0,0.0,0.0,0.0,0.0
1984-01-20 23:00:00,0.00013882555343486646,1.1094558156198926e-05,3.9409614271587794e-05,2.6539920104874505e-05,9.21500943325184e-05
1984-01-21 23:00:00,0.0018260291770652488,0.0004852873749203152,0.0008922107131392867,0.0001920774910185072,0.0014548480069195783
1984-01-22 23:00:00,0.00674215246129919,0.0022283529352258753,0.003473557366265191,0.00033434808254241945,0.006229752434624566
1984-01-23 23:00:00,0.0055292528646963615,0.006124745121708622,0.01104662365383572,0.0019757200170446325,0.025925778989438656
1984-01-24 23:00:00,1.0530132378472221,1.625916702835648,2.3226737919560185,0.10622234203197338,1.7880381944444443
1984-01-25 23:00:00,0.2570459662543403,0.43588609483506946,0.7243586787471065,0.03520811292860243,0.5533980758101852
1984-01-26 23:00:00,0.008614877065022786,0.01808697735821759,0.13370552345558448,0.0007559403666743525,0.009247124989827474
1984-01-27 23:00:00,0.03223119382505064,0.08916127522786459,0.13522139937789351,0.01231124171504268,0.17980621337890626
1984-01-28 23:00:00,0.0051591728351734305,0.026491526850947626,0.0471973956072772,0.004812356101142036,0.06919884010597512
1984-01-29 23:00:00,0.0009698769781324598,0.0025636280907524954,0.001795331283851906,0.00016374627749125162,0.002827727706344039
1984-01-30 23:00:00,0.0028871338455765338,0.008028502287688078,0.014875899420844184,0.000672994543004919,0.018170314364963108
1984-01-31 23:00:00,0.0021400271521674263,0.017532391018337673,0.01999988838478371,0.0004942732828634756,0.027764350043402778
1984-02-01 23:00:00,0.0009558270595691822,0.001064293207945647,0.001084639937789352,2.8885117283573856e-05,0.0012295464233115867
1984-02-02 23:00:00,0.0006804532474941678,0.01498763331660518,0.011228177105938947,6.847112267105668e-05,0.014566350866247106
1984-02-03 23:00:00,0.01054954175595884,0.02250342051188151,0.015390421549479167,0.0007097659729145191,0.02011113202130353
1984-02-04 23:00:00,0.023781255086263022,0.02315441272876881,0.04434924655490451,0.0015179773613258644,0.017099328217683014
1984-02-05 23:00:00,0.02549502902560764,0.057709147135416666,0.06789936206958912,0.0020714344801726165,0.06845502500180844
1984-02-06 23:00:00,0.011757212744818793,0.049504863597728585,0.04059041058575665,0.0018370626590870046,0.05719865021882234
1984-02-07 23:00:00,0.020549906977900753,0.049282198305483214,0.05110725685402199,0.001679151146500199,0.048830385561342594
1984-02-08 23:00:00,0.004005166512948495,0.013500668561017072,0.014559905440719039,0.000722560617658827,0.019365511293764466
1984-02-09 23:00:00,0.03900064256456163,0.07180150915075231,0.06617836281105324,0.006902587325484664,0.13593896936487268
1984-02-10 23:00:00,0.010174633308693214,0.0017446823473329896,0.005437777483904803,0.0015988588333129884,0.014256293685347945
1984-02-11 23:00:00,0.003575328544334129,0.024867197672526042,0.023239394293891057,0.0011178559727138943,0.03113401907461661
1984-02-12 23:00:00,0.7025176323784722,1.3546956380208333,1.3922510669849537,0.06200921517831308,1.3937111183449074
1984-02-13 23:00:00,3.6836628327546297,5.9501739728009255,6.7544176793981485,0.17422165482132523,4.79173900462963
1984-02-14 23:00:00,0.042986718636971934,0.021967880814163773,0.16472449408637152,0.0024311595492892794,0.0505780029296875
1984-02-15 23:00:00,0.018762423197428386,0.02051433421947338,0.02161182686134621,0.0018068038092719184,0.03493657430013021
1984-02-16 23:00:00,0.022864405314127603,0.0227421216611509,0.13062304461443866,0.0020403130849202472,0.03194379735876013
1984-02-17 23:00:00,0.005895961125691732,0.0162054118403682,0.15108652750651042,0.0003041839158093488,0.00685440911187066
1984-02-18 23:00:00,0.001185714050575539,0.002479225617867929,0.0019905406457406505,0.00023570001125335693,0.0023774290084838867
1984-02-19 23:00:00,0.0013306035818877043,0.003701436784532335,0.002042108288517705,0.00019317611500068948,0.0036580290617766204
1984-02-20 23:00:00,0.03532219780815972,0.03898064224808304,0.040897846928349246,0.0022281855124014396,0.04515685752586082
1984-02-21 23:00:00,0.10579965096932871,0.08899941903573495,0.13517114709924768,0.012257922137225116,0.14206425419560184
1984-02-22 23:00:00,0.005454629615501121,0.002602484491136339,0.028683109989872686,0.00016415605942408243,0.004851236343383789
1984-02-23 23:00:00,0.0001313930970651132,0.000972040229373508,0.00019897946604975947,2.8929765577669497e-05,0.0024389404720730253
1984-02-24 23:00:00,0.0720047053584346,0.018141531767668546,0.05213864926938657,0.0038594736876311126,0.07064171119972512
1984-02-25 23:00:00,0.4700278953269676,0.09082504837601273,0.44820606372974536,0.006194129519992405,0.09135025589554398
1984-02-26 23:00:00,0.00020141824528023048,0.00023574135921619556,0.0022961288028293184,0.00010720466022138242,0.0014690666728549534
1984-02-27 23:00:00,0.0008680805453547725,0.01817416720920139,0.025152401394314235,0.001788036205150463,0.04722396002875434
1984-02-28 23:00:00,0.02987024943033854,0.10014486807364005,0.10405992296006944,0.006891937962284794,0.17232713487413195
1984-02-29 23:00:00,0.041643620243778934,0.1159905101634838,0.12582338686342592,0.009314048908374927,0.19788942690248842
1984-03-01 23:00:00,0.2797499593098958,0.48967230902777775,0.49364330150462965,0.017407581188060618,0.4992612937644676
1984-03-02 23:00:00,0.09130642361111112,0.15255218505859375,0.18692676685474538,0.008861495123969184,0.20067708333333334
1984-03-03 23:00:00,0.0021943228333084672,0.006095124703866464,0.03241166008843316,0.0003315220055756745,0.003931994967990451
1984-03-04 23:00:00,0.009085665808783637,0.03353131612141927,0.0798420884874132,0.0004278816558696606,0.02524762188946759
1984-03-05 23:00:00,0.05079464382595486,0.11551067211009838,0.09453761913158275,0.00185473018222385,0.09799610279224537
1984-03-06 23:00:00,0.20383404767071758,0.27833740234375,0.2915500443070023,0.0054467105865478515,0.23027086046006945
1984-03-07 23:00:00,0.3452420383029514,0.3973546459056713,0.47511402271412034,0.004732989205254449,0.2452732566550926
1984-03-08 23:00:00,0.6473486328125,0.6679702419704862,0.8565804940682871,0.008810161308006005,0.40344057436342595
1984-03-09 23:00:00,0.6666259765625,0.6933200864438658,1.0932409215856482,0.008868714791757088,0.33448974609375
1984-03-10 23:00:00,0.4567513020833333,0.6411829969618056,0.861189597800926,0.01246938634801794,0.3924336751302083
1984-03-11 23:00:00,0.39787538881655093,0.5578533709490741,0.6278551793981482,0.016772212275752315,0.5825883879484953
1984-03-12 23:00:00,0.31531722457320605,0.4814516872829861,0.6061452003761574,0.01631577103226273,0.4514737503616898
1984-03-13 23:00:00,2.7976743344907407,3.6925770399305557,4.844533420138889,0.051156418411820025,1.9191304976851853
1984-03-14 23:00:00,0.7427385796440972,1.04890869140625,1.339475730613426,0.043730542218243636,0.9889673755787037
1984-03-15 23:00:00,0.31218648274739585,0.569190040870949,0.6838450792100694,0.026763935795536747,0.6312725151909723
1984-03-16 23:00:00,0.16831895616319445,0.24330430772569445,0.29533827039930555,0.010934178387677228,0.2855591498480903
1984-03-17 23:00:00,0.0,0.0,0.0,0.0,0.0
1984-03-18 23:00:00,0.1967865668402778,0.2779623752170139,0.2879411259403935,0.012179127445927373,0.2731771963614005
1984-03-19 23:00:00,0.6531752748842593,0.7607822446469907,0.9745026765046296,0.006189903683132596,0.32455143681278936
1984-03-20 23:00:00,3.1018001302083333,4.26772605613426,5.825577980324074,0.011525336371527778,1.411156864872685
1984-03-21 23:00:00,0.6573435691550926,0.4020675998263889,0.8515532769097223,0.013951016178837528,0.34586615668402776
1984-03-22 23:00:00,0.09494151927806713,0.1890640484845197,0.21580186631944445,0.00751879232901114,0.14802764892578124
1984-03-23 23:00:00,0.3528675220630787,0.583674904152199,0.633987132884838,0.004545092406096282,0.26149897822627316
1984-03-24 23:00:00,0.1333361138237847,0.19273989076967593,0.2488599537037037,0.003308421947337963,0.14915306939019096
1984-03-25 23:00:00,0.06526534469039352,0.08715412281177662,0.12906454580801505,0.014093061376501013,0.23022393120659723
1984-03-26 23:00:00,0.03069827609592014,0.041048858077437786,0.09711700439453125,0.00995290614940502,0.14509986029730904
1984-03-27 23:00:00,0.0182565830371998,0.08048921373155382,0.12579933449074074,0.004142848827220776,0.11845942744502315
1984-03-28 23:00:00,0.06057809900354456,0.12998951099537037,0.13731054235387732,0.008656318805835865,0.19815058955439815
1984-03-29 23:00:00,0.07838315610532408,0.13143363670066552,0.32604532877604164,0.03098665025499132,0.5138203034577546
1984-03-30 23:00:00,0.05448876840096933,0.14353590223524307,0.18567562527126735,0.009601123951099537,0.24223323115596065
1984-03-31 23:00:00,0.2783218948929398,0.4949664532696759,0.46688087745949075,0.025099733140733507,0.6914404296875
1984-04-01 23:00:00,0.11890195493344907,0.2405269142433449,0.29944733796296297,0.013502125210232205,0.38554235387731484
1984-04-02 23:00:00,0.16924992314091436,0.28615467212818285,0.29397271050347223,0.005681181307192202,0.31810619212962965
1984-04-03 23:00:00,0.35859503851996527,0.4187346733940972,0.49377274124710646,0.005712229410807292,0.39543357566550924
1984-04-04 23:00:00,0.47757807978877315,0.6721114547164352,0.7581856282552083,0.0037646940019395616,0.4928643120659722
1984-04-05 23:00:00,0.7957697663483796,1.3138758680555556,1.4152988462094906,0.007644834871645327,0.5782155128761574
1984-04-06 23:00:00,0.1706806324146412,0.14716723406756366,0.21070032190393517,0.009589839511447483,0.22237171314380788
1984-04-07 23:00:00,0.6964876302083334,0.973529369212963,1.2104339373553241,0.004339753963329174,0.5407484718605324
1984-04-08 23:00:00,1.5941256148726852,2.4657143373842594,3.1307646122685187,0.0523452306676794,1.5862514467592592
1984-04-09 23:00:00,0.05586697613751447,0.07324249267578126,0.1575824765805845,0.009368972778320312,0.1777970829716435
1984-04-10 23:00:00,0.09445350364402488,0.07306386876989295,0.17838061297381366,0.010684260615596065,0.1726047318070023
1984-04-11 23:00:00,0.03254758481626158,0.06532672458224827,0.07453124434859665,6.729059197284557e-05,0.0442478519015842
1984-04-12 23:00:00,0.3398187707971643,0.5066248462818287,0.6243642397280093,0.014435094197591146,0.508808910228588
1984-04-13 23:00:00,0.3618256519458912,0.6245152452256945,0.6404786964699074,0.0005078181072517677,0.25450801142939816
1984-04-14 23:00:00,1.8848620153356481,3.1989362702546296,3.669482421875,0.0024516080926965784,0.7662794777199075
1984-04-15 23:00:00,2.756647677951389,4.074007523148148,5.966607711226852,0.0023988529487892433,0.6330693449797453
1984-04-16 23:00:00,1.9087760416666666,2.388635163483796,4.128901909722222,0.0016043016645643446,0.28912995515046297
1984-04-17 23:00:00,1.7868800636574074,2.229416775173611,3.6839919704861113,0.007102026056360316,0.3682014069733796
1984-04-18 23:00:00,0.5345194950810185,0.8117022026909723,0.9696330656828703,0.002247875001695421,0.2183612964771412
1984-04-19 23:00:00,0.3840658004195602,0.6414432327835649,0.7158505588107639,0.008517304173222294,0.3887233253761574
1984-04-20 23:00:00,0.20024741843894675,0.21872382269965276,0.3240517849392361,1.7234581281189565e-06,0.09820211905020254
1984-04-21 23:00:00,0.6222810872395833,0.49160047743055557,0.7498476833767361,0.0,0.10172487612123843
1984-04-22 23:00:00,1.6099759476273148,1.3114561631944444,2.4960988136574076,0.0,0.1673737476490162
1984-04-23 23:00:00,0.5836102520978009,0.5710062662760417,0.9493548357928241,0.0,0.10668009440104166
1984-04-24 23:00:00,0.1251352380823206,0.18880863896122685,0.24533243815104167,0.0036243226793077257,0.12958066587094907
1984-04-25 23:00:00,0.04251530400028935,0.11004431830512153,0.33510986328125,0.00029295755757225887,0.018085450066460503
1984-04-26 23:00:00,0.03781387894241898,0.06587695086443866,0.0906229485405816,0.0007848428796838831,0.05723512437608507
1984-04-27 23:00:00,0.026848655983253762,0.037473020200376156,0.06435823793764468,0.0,0.0099053305166739
1984-04-28 23:00:00,0.03722049006709346,0.038551387080439814,0.053315214934172454,0.0,0.021337319833260995
1984-04-29 23:00:00,0.05549607453522859,0.06740142822265625,0.09853985821759259,0.0,0.018168764467592594
1984-04-30 23:00:00,1.1396056676793982,1.7944858579282408,2.3522629123263887,0.02176035280580874,0.7005158148871528
1984-05-01 23:00:00,4.170949797453703,4.7051786747685185,8.320404369212962,0.023377096388075086,0.9008912941261574
1984-05-02 23:00:00,0.795616771556713,0.8491694697627314,1.5285903139467591,0.0,0.08615522031430844
1984-05-03 23:00:00,3.519759114583333,4.274798177083333,6.914117476851852,0.034494272867838544,1.130128761574074
1984-05-04 23:00:00,0.26485175238715275,0.37145067003038196,0.6180310962818287,0.0,0.027813839382595486
1984-05-05 23:00:00,0.06704621491608796,0.11480275472005208,0.15351374873408566,0.0028896036854496707,0.09260298552336516
1984-05-06 23:00:00,0.10341834174262153,0.1163726015444155,0.1620682214807581,0.0,0.015066002739800348
1984-05-07 23:00:00,0.5268986002604167,0.48292344835069445,0.7486229112413194,0.0,0.03308524802879051
1984-05-08 23:00:00,1.6417943431712962,1.5265851056134259,3.304861834490741,0.0,0.04394777651186343
1984-05-09 23:00:00,1.7864290364583333,1.7844012225115742,4.315866247106482,0.0,0.033038431803385414
1984-05-10 23:00:00,0.7663699001736111,0.9640181929976852,2.1331190321180555,0.0,0.019781917995876735
1984-05-11 23:00:00,6.064748625578703,7.259286024305555,16.488009259259258,0.015052737483271846,0.4808596462673611
1984-05-12 23:00:00,1.9114995659722223,3.1703074363425925,6.410653935185185,0.0001953681751533791,0.03172426011827257
1984-05-13 23:00:00,2.186159396701389,2.994473198784722,6.7797649016203705,0.003430911523324472,0.10546048764829283
1984-05-14 23:00:00,2.1868505859375,3.0182758246527777,6.795954137731481,0.004400578958016855,0.1395314308449074
1984-05-15 23:00:00,0.25499981915509257,0.4151695873119213,0.48114732530381943,0.01007427074291088,0.28692694769965277
1984-05-16 23:00:00,0.14809215404369214,0.1347977136682581,0.24694012677228008,0.0,0.0026106412322432905
1984-05-17 23:00:00,0.3888744212962963,0.5342752640335648,1.1535353370949073,0.0,0.0023333968056572806
1984-05-18 23:00:00,0.9243830475983796,1.289254466869213,3.0292039207175927,0.0,0.002925333093713831
1984-05-19 23:00:00,2.366783492476852,3.5582682291666665,8.60158203125,0.0,0.0057797403688784
1984-05-20 23:00:00,1.3303553602430556,2.0085997178819444,4.789667245370371,0.0,0.0036051866743299697
1984-05-21 23:00:00,0.2296582935474537,0.44255226417824073,0.9744514973958334,0.0,0.0012793270746866861
1984-05-22 23:00:00,1.1637060546875,2.0649726924189813,4.733023003472222,0.0,0.0028585299739131223
1984-05-23 23:00:00,1.9615049913194444,3.4078370949074075,7.430458622685185,0.005695872836642795,0.16935399938512732
1984-05-24 23:00:00,0.2853952365451389,0.547173484519676,1.2582507776331018,0.0,0.0010430893191584834
1984-05-25 23:00:00,1.3559478081597223,2.4133969907407407,5.744374638310185,0.0003009417763462773,0.011129506429036458
1984-05-26 23:00:00,1.7284125434027777,3.2582928240740743,7.456544415509259,1.106862306456875e-06,0.0018830101578323928
1984-05-27 23:00:00,0.39541987666377315,1.034982277199074,2.2158329716435183,0.0,0.0006234863952354148
1984-05-28 23:00:00,0.5283559841579861,1.6721375868055555,3.2986353443287038,0.0,0.0
1984-05-29 23:00:00,0.9766784215856481,2.493529369212963,4.849692925347222,0.004859810228700991,0.14869397198712384
1984-05-30 23:00:00,1.385141330295139,3.354751880787037,7.737229456018518,0.0,0.0
1984-05-31 23:00:00,0.05232802779586227,0.15168686478226273,0.33497138129340276,0.0,0.0
1984-06-01 23:00:00,0.13398464626736112,0.30003483525028934,0.6953810402199074,0.0,0.0
1984-06-02 23:00:00,0.2315085177951389,0.608000804759838,1.4356202076099538,0.0,0.0
1984-06-03 23:00:00,0.4340315755208333,1.2009682436342592,2.7620713975694446,0.0,0.0
1984-06-04 23:00:00,2.171297019675926,6.24134693287037,11.579777199074075,0.029483261108398436,0.7198930754484953
1984-06-05 23:00:00,1.4827643952546297,4.0037210648148145,6.83904296875,0.021256148726851852,0.5677107295283564
1984-06-06 23:00:00,1.522773799189815,4.002076099537037,6.886937210648148,0.022814374853063514,0.606968994140625
1984-06-07 23:00:00,1.1512976526331018,4.249006076388889,6.5404680266203705,0.02104902196813513,0.5975797526041666
1984-06-08 23:00:00,0.08592636673538773,0.215025634765625,0.5716109212239583,0.00028314354243101896,0.005113827387491862
1984-06-09 23:00:00,0.7365849699797453,0.750807788990162,1.463451515480324,0.010902071352358218,0.2808931251808449
1984-06-10 23:00:00,1.6967256221064815,3.358015046296296,6.1828385416666665,0.032149536697952834,0.8804033745659722
1984-06-11 23:00:00,0.22510993109809027,0.9438688151041666,1.9590512876157407,0.0026579805656715676,0.06797836303710937
1984-06-12 23:00:00,0.7795954499421296,2.2916111472800926,4.070054976851852,0.01449735853407118,0.4047772894965278
1984-06-13 23:00:00,0.09990624321831597,0.9520113570601851,1.9300508174189814,1.9218395981523726e-05,0.0069498923972800926
1984-06-14 23:00:00,0.11516920301649305,1.1827139395254629,2.130516312210648,0.0,0.0
1984-06-15 23:00:00,1.158233326099537,1.5560101996527778,3.2157747395833334,0.0066361992447464555,0.1866920640733507
1984-06-16 23:00:00,0.4031224681712963,1.3553188295717593,2.857726417824074,0.0035579677864357277,0.07264742815936054
1984-06-17 23:00:00,0.06840836136429398,0.8299171730324074,1.5232839626736112,0.0,0.0
1984-06-18 23:00:00,1.0388537145543981,2.648924334490741,4.682349175347222,0.013980818854437934,0.3459456832320602
1984-06-19 23:00:00,2.556965603298611,3.901178023726852,5.914685329861111,0.05437728316695602,1.6949815538194444
1984-06-20 23:00:00,0.11600815384476273,1.7874900535300926,3.351656177662037,0.0007387988655655472,0.019516642535174336
1984-06-21 23:00:00,0.028019734135380496,0.6591644061053241,1.3001859989872686,0.0,0.0
1984-06-22 23:00:00,0.01978379426179109,0.5722211371527778,0.9858923791956018,0.0,0.0
1984-06-23 23:00:00,0.02797721580222801,0.9224388744212964,1.5147072120949074,0.0,0.0
1984-06-24 23:00:00,0.03250120657461661,1.1188329173900462,1.8265726273148148,0.0,0.0
1984-06-25 23:00:00,0.027615624886971932,1.1203387225115742,1.8495918330439816,0.0,0.0
1984-06-26 23:00:00,0.021194453769259984,1.095758011429398,1.791103877314815,0.0,0.0
1984-06-27 23:00:00,0.015043812504521123,1.058245894820602,1.5866954210069444,0.0,0.0
1984-06-28 23:00:00,0.011192155060944734,1.072944968894676,1.653730107060185,0.0,0.0
1984-06-29 23:00:00,0.0074628257751464845,1.2958016854745371,2.0172222222222222,0.0,0.0
1984-06-30 23:00:00,0.0007381797278368915,0.3603962085865162,0.49882396556712966,0.0,0.0
1984-07-01 23:00:00,0.000687902326937075,0.4224843569155093,0.5716556803385416,0.0,0.0
1984-07-02 23:00:00,0.0007694135771857367,0.6183205385561342,0.8413057002314814,0.0,0.0
1984-07-03 23:00:00,0.0,0.510574046947338,0.6408069751880787,0.0,0.0
1984-07-04 23:00:00,0.0,0.49719486942997687,0.5918391022858797,0.0,0.0
1984-07-05 23:00:00,0.0,0.626943359375,0.7310163031684028,0.0,0.0
1984-07-06 23:00:00,0.0,0.5865129032841435,0.6780046025028935,0.0,0.0
1984-07-07 23:00:00,0.0,0.36039677372685186,0.3960426161024306,0.0,0.0
1984-07-08 23:00:00,0.0,0.31640247486255785,0.3449149576822917,0.0,0.0
1984-07-09 23:00:00,0.0,0.29671251085069444,0.3281341552734375,0.0,0.0
1984-07-10 23:00:00,0.0,0.3042806441695602,0.3062827103226273,0.0,0.0
1984-07-11 23:00:00,0.0,0.3819859031394676,0.3699891945167824,0.0,0.0
1984-07-12 23:00:00,0.0,0.2940076361762153,0.273037267614294,0.0,0.0
1984-07-13 23:00:00,0.0,0.22383468062789352,0.2029895923755787,0.0,0.0
1984-07-14 23:00:00,0.0,0.22478395815248842,0.20134831181278937,0.0,0.0
1984-07-15 23:00:00,0.0,0.26896016438802084,0.22710356535734955,0.0,0.0
1984-07-16 23:00:00,0.0,0.2772125244140625,0.21560770670572918,0.0,0.0
1984-07-17 23:00:00,0.0,0.26598777488425923,0.1974550148292824,0.0,0.0
1984-07-18 23:00:00,0.0,0.31102751555266206,0.2235647243923611,0.0,0.0
1984-07-19 23:00:00,0.0,0.28496263292100693,0.19137794777199074,0.0,0.0
1984-07-20 23:00:00,0.0,0.19831931785300927,0.12075567174840857,0.0,0.0
1984-07-21 23:00:00,0.0,0.15558216236255787,0.09345682214807581,0.0,0.0
1984-07-22 23:00:00,0.6284105541087963,1.1279051830150464,1.6688279441550926,0.013911138463903357,0.3840538646556713
1984-07-23 23:00:00,0.9505485930266204,0.4193547001591435,0.756444091796875,0.009670597358986184,0.2863083902994792
1984-07-24 23:00:00,0.0,0.25551746509693285,0.11203205249927663,0.0,0.0
1984-07-25 23:00:00,0.0,0.23448461461950232,0.09367502283166956,0.0,0.0
1984-07-26 23:00:00,0.05026760525173611,0.2721878616898148,0.27235111942997686,0.00016240402504249856,0.008976033528645833
1984-07-27 23:00:00,0.0,0.16568136709707754,0.05179523609302662,0.0,0.0
1984-07-28 23:00:00,3.2914113136574072,4.791170428240741,7.8485727719907405,0.0655622637713397,1.76888671875
1984-07-29 23:00:00,0.0,0.12243852403428819,0.030691141199182582,0.0,0.0
1984-07-30 23:00:00,0.0,0.10515410246672453,0.019121485109682437,0.0,0.0
1984-07-31 23:00:00,0.0,0.09753743489583333,0.016377320466218172,0.0,0.0
1984-08-01 23:00:00,0.38753431532118054,1.1185004340277778,1.8136429398148148,0.005610879968713831,0.18585783781828705
1984-08-02 23:00:00,0.840526710792824,0.6411975549768518,1.6416026475694445,0.010381603947392216,0.20732831036603008
1984-08-03 23:00:00,0.11096875226056134,0.7350119357638889,0.3766059253833912,0.006118632422553168,0.18891919171368635
1984-08-04 23:00:00,0.11623788339120371,0.8123268410011574,0.5468864836516204,0.004345383467497649,0.15320075141059028
1984-08-05 23:00:00,0.003950622699878834,0.18295853226273148,0.2689787009910301,1.1604780124293433e-05,0.00748702296504268
1984-08-06 23:00:00,0.0,0.05652741043655961,0.00951629638671875,0.0,0.0
1984-08-07 23:00:00,0.0,0.044363013373480906,0.0033595939918800635,0.0,0.0
1984-08-08 23:00:00,0.0,0.05325783058449074,0.004050766273781105,0.0,0.0
1984-08-09 23:00:00,0.0,0.06477845368561921,0.005208720807675962,0.0,0.0
1984-08-10 23:00:00,0.0,0.06822322139033565,0.005393484610098379,0.0,0.0
1984-08-11 23:00:00,0.0,0.06420965689199942,0.0035787896756772643,0.0,0.0
1984-08-12 23:00:00,0.0,0.06456632260923033,0.0026359883061161746,0.0,0.0
1984-08-13 23:00:00,0.0,0.039573748553240744,0.0014425092273288303,0.0,0.0
1984-08-14 23:00:00,0.0,0.0511485516583478,0.0013311113251580132,0.0,0.0
1984-08-15 23:00:00,0.0,0.050365917064525464,0.0014396406103063513,0.0,0.0
1984-08-16 23:00:00,0.21455152723524307,0.04151382163718895,0.03374092667191117,0.0017893233122649017,0.026716387713396992
1984-08-17 23:00:00,0.0,0.03606274074978299,0.0009914336381135164,0.0,0.0
1984-08-18 23:00:00,0.0,0.03411348978678386,0.0006832667191823324,0.0,0.0
1984-08-19 23:00:00,0.0,0.022143835844816984,0.0004215959707895915,0.0,0.0
1984-08-20 23:00:00,0.0,0.012395841810438369,0.0002472881696842335,0.0,0.0
1984-08-21 23:00:00,0.0,0.017105156227394388,0.0003906136088901096,0.0,0.0
1984-08-22 23:00:00,0.3290559895833333,0.07977892840350116,0.47245157877604166,0.0006206534526966237,0.03892142119231048
1984-08-23 23:00:00,0.0,0.02220783374927662,0.00021587023028620968,0.0,0.0
1984-08-24 23:00:00,0.0,0.012681191055862993,0.0,0.0,0.0
1984-08-25 23:00:00,0.0,0.013693747343840422,0.0,0.0,0.0
1984-08-26 23:00:00,0.0,0.015675779272008826,0.0,0.0,0.0
1984-08-27 23:00:00,0.0,0.015413442541051795,0.0,0.0,0.0
1984-08-28 23:00:00,0.0,0.01476392251473886,0.0,0.0,0.0
1984-08-29 23:00:00,0.0,0.009029148243091725,0.0,0.0,0.0
1984-08-30 23:00:00,2.4156372974537037,1.8832233796296296,4.426497395833334,0.04358108520507813,1.2013062427662038
1984-08-31 23:00:00,0.16945319281684026,0.4206509964554398,0.6994484230324074,0.003988281885782877,0.1354887220594618
1984-09-01 23:00:00,0.0,0.001746755705939399,0.0,0.0,0.0
1984-09-02 23:00:00,0.0,0.002915379912764938,0.0,0.0,0.0
1984-09-03 23:00:00,0.0,0.0036438913698549624,0.0,0.0,0.0
1984-09-04 23:00:00,0.0,0.003946765617088036,0.0,0.0,0.0
1984-09-05 23:00:00,0.0,0.0061064359876844615,0.0,0.0,0.0
1984-09-06 23:00:00,0.8396286349826388,1.3531383825231482,2.1566097005208333,0.022118041427047163,0.6067432092737268
1984-09-07 23:00:00,0.09461655228226273,0.19316114637586806,0.5658019567418981,0.0006566578812069364,0.025470716688368054
1984-09-08 23:00:00,0.0,0.0032910262213812934,0.0,0.0,0.0
1984-09-09 23:00:00,0.0,0.0031789090898301864,0.0,0.0,0.0
1984-09-10 23:00:00,0.0,0.0011067370132163718,0.0,0.0,0.0
1984-09-11 23:00:00,0.0,0.0009226662141305429,0.0,0.0,0.0
1984-09-12 23:00:00,0.0,0.00025610535233109086,0.0,0.0,0.0
1984-09-13 23:00:00,0.0,0.00048743000736942995,0.0,0.0,0.0
1984-09-14 23:00:00,0.0,0.0010618509186638727,0.0,0.0,0.0
1984-09-15 23:00:00,0.0,0.001781487818117495,0.0,0.0,0.0
1984-09-16 23:00:00,0.0,0.001738147735595703,0.0,0.0,0.0
1984-09-17 23:00:00,0.0,0.002241022675125687,0.0,0.0,0.0
1984-09-18 23:00:00,0.0,0.002541285444189001,0.0,0.0,0.0
1984-09-19 23:00:00,0.3509187599464699,0.49493674949363425,1.0046966326678242,0.004641557269626194,0.12804257993344909
1984-09-20 23:00:00,0.896923195167824,0.8746412037037037,1.8460105613425926,0.019971368577745226,0.7197673882378472
1984-09-21 23:00:00,0.0,0.001100617867928964,1.701763313677576e-06,0.0,0.0009550900812502261
1984-09-22 23:00:00,0.0,1.4550195730946682e-06,0.0,0.0,0.0
1984-09-23 23:00:00,0.0,0.0,0.0,0.0,0.0
1984-09-24 23:00:00,0.0,0.0,0.0,0.0,0.0
1984-09-25 23:00:00,0.0,0.0,0.0,0.0,0.0
1984-09-26 23:00:00,0.0,6.92064673812301e-05,0.0,0.0,0.0
1984-09-27 23:00:00,0.0,4.687811489458437e-05,0.0,0.0,0.0
1984-09-28 23:00:00,0.0,2.3781607548395793e-05,0.0,0.0,0.0
1984-09-29 23:00:00,0.0,0.00025839138914037635,0.0,0.0,0.0
1984-09-30 22:00:00,0.0,0.0003365173825511226,0.0,0.0,0.0
